[{"id":"user-image-unnamed.jpg","publicUrl":"np://user.desktop.nicepage.com/Site_57368790/images/unnamed.jpg","size":41182,"hash":"AfKxytsi0fHu0Ml2gu6Q7cfyf3Y=","fileName":"unnamed.jpg","name":"unnamed","width":512,"height":341,"thumbnail":{"url":"np://user.desktop.nicepage.com/Site_57368790/images/thumbnails/unnamed.jpg","width":250,"height":167},"folderId":null,"usages":["26352009"]},{"id":"user-image--_cut-photo.ru-1.jpg","publicUrl":"np://user.desktop.nicepage.com/Site_57368790/images/-_cut-photo.ru-1.jpg","size":148178,"hash":"CBhq7WNlf6Yl0LKNxH9/Kv8bUbs=","fileName":"-_cut-photo.ru-1.jpg","name":"-_cut-photo.ru-1","width":590,"height":548,"thumbnail":{"url":"np://user.desktop.nicepage.com/Site_57368790/images/thumbnails/-_cut-photo.ru-1.jpg","width":250,"height":232},"folderId":null,"usages":["26352009"]},{"id":"user-image-da6cbd6e-1b78-aad9-a323-753a00313538.jpg","publicUrl":"np://user.desktop.nicepage.com/Site_57368790/images/da6cbd6e-1b78-aad9-a323-753a00313538.jpg","size":20560,"hash":"d8CVzgTPqAgyj3DiZw6meqcJ11U=","fileName":"da6cbd6e-1b78-aad9-a323-753a00313538.jpg","name":"da6cbd6e-1b78-aad9-a323-753a00313538","width":409,"height":270,"thumbnail":{"url":"np://user.desktop.nicepage.com/Site_57368790/images/thumbnails/da6cbd6e-1b78-aad9-a323-753a00313538.jpg","width":250,"height":165},"folderId":null,"usages":["26352009"]},{"id":"user-image-544d4ff3-ef47264309b91b585a92269ca82fadb1.jpg","publicUrl":"np://user.desktop.nicepage.com/Site_57368790/images/544d4ff3-ef47264309b91b585a92269ca82fadb1.jpg","size":84886,"hash":"NKn4wyqfOD+vLIvdAhUeQfdmSmA=","fileName":"544d4ff3-ef47264309b91b585a92269ca82fadb1.jpg","name":"544d4ff3-ef47264309b91b585a92269ca82fadb1","width":1088,"height":555,"thumbnail":{"url":"np://user.desktop.nicepage.com/Site_57368790/images/thumbnails/544d4ff3-ef47264309b91b585a92269ca82fadb1.jpg","width":250,"height":128},"folderId":null,"usages":["26352009"]},{"id":"user-image-medium.jpg","publicUrl":"np://user.desktop.nicepage.com/Site_57368790/images/medium.jpg","size":28776,"hash":"mlRxntrflGrxi9Gf0q3hcXOD3co=","fileName":"medium.jpg","name":"medium","width":480,"height":360,"thumbnail":{"url":"np://user.desktop.nicepage.com/Site_57368790/images/thumbnails/medium.jpg","width":250,"height":188},"folderId":null,"usages":["26352009"]},{"id":"user-image-istockphoto-627013932-612x612.jpg","publicUrl":"np://user.desktop.nicepage.com/Site_57368790/images/istockphoto-627013932-612x612.jpg","size":53512,"hash":"6kj4DObmsnGdCHkNwA/STpnVhPA=","fileName":"istockphoto-627013932-612x612.jpg","name":"istockphoto-627013932-612x612","width":612,"height":459,"thumbnail":{"url":"np://user.desktop.nicepage.com/Site_57368790/images/thumbnails/istockphoto-627013932-612x612.jpg","width":250,"height":188},"folderId":null,"usages":["26352009"]},{"id":"user-image-2283911.png","publicUrl":"np://user.desktop.nicepage.com/Site_57368790/images/2283911.png","size":4343,"hash":"r7HBQK9OYoMdjUMdhmTONb3N58U=","fileName":"2283911.png","name":"2283911","width":128,"height":128,"thumbnail":{"url":"np://user.desktop.nicepage.com/Site_57368790/images/thumbnails/2283911.png","width":128,"height":128,"length":4343,"type":"png"},"folderId":null,"usages":["26352009"]},{"id":"user-image-169626.png","publicUrl":"np://user.desktop.nicepage.com/Site_57368790/images/169626.png","size":3556,"hash":"tp9cnh957i1v4wKEeqUKoySEozc=","fileName":"169626.png","name":"169626","width":128,"height":128,"thumbnail":{"url":"np://user.desktop.nicepage.com/Site_57368790/images/thumbnails/169626.png","width":128,"height":128,"length":3556,"type":"png"},"folderId":null,"usages":["26352009"]},{"id":"user-image-1369387.png","publicUrl":"np://user.desktop.nicepage.com/Site_57368790/images/1369387.png","size":4078,"hash":"FT7Opl178k6DLqlYqKtDnFxJOr0=","fileName":"1369387.png","name":"1369387","width":128,"height":128,"thumbnail":{"url":"np://user.desktop.nicepage.com/Site_57368790/images/thumbnails/1369387.png","width":128,"height":128,"length":4078,"type":"png"},"folderId":null,"usages":["26352009"]},{"id":"user-image-1660892087_32-kartinkin-net-p-fon-cherno-sinii-gradient-krasivo-41.jpg","publicUrl":"np://user.desktop.nicepage.com/Site_57368790/images/1660892087_32-kartinkin-net-p-fon-cherno-sinii-gradient-krasivo-41.jpg","size":28887,"hash":"iPN0I4H4PDdwpxTzd/BisMnHjMk=","fileName":"1660892087_32-kartinkin-net-p-fon-cherno-sinii-gradient-krasivo-41.jpg","name":"1660892087_32-kartinkin-net-p-fon-cherno-sinii-gradient-krasivo-41","width":1200,"height":750,"thumbnail":{"url":"np://user.desktop.nicepage.com/Site_57368790/images/thumbnails/1660892087_32-kartinkin-net-p-fon-cherno-sinii-gradient-krasivo-41.jpg","width":250,"height":156},"folderId":null,"usages":["26352009"]},{"id":"user-image-06389201808374b1a139e1923531139c.jpg","publicUrl":"np://user.desktop.nicepage.com/Site_57368790/images/06389201808374b1a139e1923531139c.jpg","size":161240,"hash":"PO74gyjTmNCqePKsC1wzgLM/6d8=","fileName":"06389201808374b1a139e1923531139c.jpg","name":"06389201808374b1a139e1923531139c","width":1280,"height":720,"thumbnail":{"url":"np://user.desktop.nicepage.com/Site_57368790/images/thumbnails/06389201808374b1a139e1923531139c.jpg","width":250,"height":141},"folderId":null,"usages":["26352009"]},{"id":"user-image-1660892085_1-kartinkin-net-p-fon-cherno-sinii-gradient-krasivo-2.png","publicUrl":"np://user.desktop.nicepage.com/Site_57368790/images/1660892085_1-kartinkin-net-p-fon-cherno-sinii-gradient-krasivo-2.png","size":4021829,"hash":"OeyoE4mMBZdUiPZVLAeo+7EAvDM=","fileName":"1660892085_1-kartinkin-net-p-fon-cherno-sinii-gradient-krasivo-2.png","name":"1660892085_1-kartinkin-net-p-fon-cherno-sinii-gradient-krasivo-2","width":3840,"height":2160,"thumbnail":{"url":"np://user.desktop.nicepage.com/Site_57368790/images/thumbnails/1660892085_1-kartinkin-net-p-fon-cherno-sinii-gradient-krasivo-2.png","width":250,"height":141},"folderId":null,"usages":["26352009"]},{"id":"user-image-Blindsight_astrangeneurologicalconditionthatcouldhelpexplainconsciousness.jpg","publicUrl":"np://user.desktop.nicepage.com/Site_57368790/images/Blindsight_astrangeneurologicalconditionthatcouldhelpexplainconsciousness.jpg","size":72500,"hash":"h2VKN8Z9yhZalePFpCCEBI1Hh1s=","fileName":"Blindsight_astrangeneurologicalconditionthatcouldhelpexplainconsciousness.jpg","name":"Blindsight_astrangeneurologicalconditionthatcouldhelpexplainconsciousness","width":735,"height":361,"thumbnail":{"url":"np://user.desktop.nicepage.com/Site_57368790/images/thumbnails/Blindsight_astrangeneurologicalconditionthatcouldhelpexplainconsciousness.jpg","width":250,"height":123},"folderId":null,"usages":["26352009"]},{"id":"user-image-11.jpg","publicUrl":"np://user.desktop.nicepage.com/Site_57368790/images/11.jpg","size":18312,"hash":"pFYivdesWRMeHYC4ngICBMfVeZ0=","fileName":"11.jpg","name":"11","width":512,"height":512,"thumbnail":{"url":"np://user.desktop.nicepage.com/Site_57368790/images/thumbnails/11.jpg","width":250,"height":250},"folderId":null,"usages":[]}]