[{"id":2580707690,"title":"Blog Template","order":1,"templateKey":"blog","customTemplate":false,"customTemplateFilename":null,"pageLinks":[],"dateCreated":"2025-05-13T15:58:07.475Z","dateUpdated":"2025-05-13T15:58:10.440Z","folderId":null,"pageName":"Blog Template","serverPageId":null,"sectionCount":1,"status":2,"backwardUrl":null},{"id":124516679,"title":"Post Template","order":2,"templateKey":"post","customTemplate":false,"customTemplateFilename":null,"pageLinks":[],"dateCreated":"2025-05-13T15:58:07.800Z","dateUpdated":"2025-05-13T15:58:10.441Z","folderId":null,"pageName":"Post Template","serverPageId":null,"sectionCount":1,"status":2,"backwardUrl":null},{"id":67473785,"title":"Product List Template","order":3,"templateKey":"products","customTemplate":false,"customTemplateFilename":null,"pageLinks":[],"dateCreated":"2025-05-13T15:58:08.102Z","dateUpdated":"2025-05-13T15:58:10.442Z","folderId":null,"pageName":"Product List Template","serverPageId":null,"sectionCount":1,"status":2,"backwardUrl":null},{"id":215898841,"title":"Product Details Template","order":4,"templateKey":"product","customTemplate":false,"customTemplateFilename":null,"pageLinks":[],"dateCreated":"2025-05-13T15:58:08.405Z","dateUpdated":"2025-05-13T15:58:10.442Z","folderId":null,"pageName":"Product Details Template","serverPageId":null,"sectionCount":1,"status":2,"backwardUrl":null},{"id":15280964,"title":"Shopping Cart Template","order":5,"templateKey":"cart","customTemplate":false,"customTemplateFilename":null,"pageLinks":[],"dateCreated":"2025-05-13T15:58:08.691Z","dateUpdated":"2025-05-13T15:58:10.442Z","folderId":null,"pageName":"Shopping Cart Template","serverPageId":null,"sectionCount":1,"status":2,"backwardUrl":null},{"id":2375109662,"title":"Checkout Template","order":6,"templateKey":"checkout","customTemplate":false,"customTemplateFilename":null,"pageLinks":[],"dateCreated":"2025-05-13T15:58:08.976Z","dateUpdated":"2025-05-13T15:58:10.442Z","folderId":null,"pageName":"Checkout Template","serverPageId":null,"sectionCount":1,"status":2,"backwardUrl":null},{"id":2064010826,"title":"Login Template","order":7,"templateKey":"login","customTemplate":false,"customTemplateFilename":null,"pageLinks":[],"dateCreated":"2025-05-13T15:58:09.147Z","dateUpdated":"2025-05-13T15:58:10.443Z","folderId":null,"pageName":"Login Template","serverPageId":null,"sectionCount":1,"status":2,"backwardUrl":null},{"id":9626273,"title":"Search Page Template","order":8,"templateKey":"Search","customTemplate":false,"customTemplateFilename":null,"pageLinks":[],"dateCreated":"2025-05-13T15:58:09.263Z","dateUpdated":"2025-05-13T15:58:10.443Z","folderId":null,"pageName":"Search Page Template","serverPageId":null,"sectionCount":1,"status":2,"backwardUrl":null},{"id":34343202,"title":"Page Password Template","order":9,"templateKey":"password","customTemplate":false,"customTemplateFilename":null,"pageLinks":[],"dateCreated":"2025-05-13T15:58:09.404Z","dateUpdated":"2025-05-13T15:58:10.443Z","folderId":null,"pageName":"Page Password Template","serverPageId":null,"sectionCount":1,"status":2,"backwardUrl":null},{"id":218920925,"title":"404 Not Found Template","order":10,"templateKey":"404","customTemplate":false,"customTemplateFilename":null,"pageLinks":[],"dateCreated":"2025-05-13T15:58:09.542Z","dateUpdated":"2025-05-13T15:58:10.443Z","folderId":null,"pageName":"404 Not Found Template","serverPageId":null,"sectionCount":1,"status":2,"backwardUrl":null},{"id":76572781,"title":"Thank You Page Template","order":11,"templateKey":"ThankYou","customTemplate":false,"customTemplateFilename":null,"pageLinks":[],"dateCreated":"2025-05-13T15:58:09.676Z","dateUpdated":"2025-05-13T15:58:10.443Z","folderId":null,"pageName":"Thank You Page Template","serverPageId":null,"sectionCount":1,"status":2,"backwardUrl":null},{"id":26352009,"title":"Главная","order":50,"templateKey":null,"customTemplate":false,"customTemplateFilename":null,"pageLinks":[],"dateCreated":"2025-05-13T15:58:11.502Z","dateUpdated":"2025-05-19T18:29:29.267Z","folderId":null,"pageName":"Главная_26352009","serverPageId":null,"sectionCount":8,"status":2,"backwardUrl":null}]